timestamp,client_delay,network_delay,desvio
2025-03-27 14:32:38.294474+00:00,0.0063474178314208984,0.0065915584564208984,-0.55058
2025-03-27 14:32:41.293686+00:00,0.01960158348083496,0.0018807649612426758,-0.559702
2025-03-27 14:32:42.555975+00:00,0.01101541519165039,0.000980377197265625,-0.549508
2025-03-27 14:32:43.316009+00:00,0.016126394271850586,0.0017784833908081055,-0.556471
2025-03-27 14:32:46.328452+00:00,0.029361963272094727,0.001578211784362793,-0.569937
2025-03-27 14:32:47.580045+00:00,0.01748943328857422,0.0017012357711791992,-0.557592
2025-03-27 14:32:48.328427+00:00,0.0072667598724365234,0.0005124807357788086,-0.544616
2025-03-27 14:32:51.352477+00:00,0.018915414810180664,0.001664876937866211,-0.559429
2025-03-27 14:32:52.593807+00:00,0.008198261260986328,0.0006928443908691406,-0.546138
2025-03-27 14:32:53.345932+00:00,0.012407779693603516,0.0016275644302368164,-0.553154
2025-03-27 14:32:56.370598+00:00,0.01323390007019043,0.0013549327850341797,-0.553235
2025-03-27 14:32:57.615992+00:00,0.016004323959350586,0.0017116069793701172,-0.556368
2025-03-27 14:32:58.356380+00:00,0.007739067077636719,0.0005407333374023438,-0.545515
2025-03-27 14:33:01.393792+00:00,0.019695758819580078,0.0010660886764526367,-0.558921
2025-03-27 14:33:02.639378+00:00,0.016716957092285156,0.0016399621963500977,-0.557286
2025-03-27 14:33:03.378400+00:00,0.016001462936401367,0.0018118619918823242,-0.556593
2025-03-27 14:33:06.411399+00:00,0.01395869255065918,0.0010428428649902344,-0.552791
2025-03-27 14:33:07.660833+00:00,0.015737533569335938,0.0017458200454711914,-0.556903
2025-03-27 14:33:08.402647+00:00,0.01784062385559082,0.0015857219696044922,-0.557217
2025-03-27 14:33:11.426442+00:00,0.011240720748901367,0.0007852315902709961,-0.549488
2025-03-27 14:33:12.683705+00:00,0.017028093338012695,0.0017713308334350586,-0.557618
2025-03-27 14:33:13.425634+00:00,0.01658797264099121,0.0018229484558105469,-0.557356
2025-03-27 14:33:16.460615+00:00,0.028823137283325195,0.0015047788619995117,-0.569504
2025-03-27 14:33:17.700728+00:00,0.01111292839050293,0.0013976097106933594,-0.551558
2025-03-27 14:33:18.449430+00:00,0.016139507293701172,0.0016783475875854492,-0.556626
2025-03-27 14:33:21.485482+00:00,0.0190889835357666,0.001732468605041504,-0.55986
2025-03-27 14:33:22.722027+00:00,0.016058683395385742,0.0016309022903442383,-0.556589
2025-03-27 14:33:23.461153+00:00,0.007424354553222656,0.0006374120712280273,-0.54554
2025-03-27 14:33:26.509649+00:00,0.017481327056884766,0.0016006231307983398,-0.558253
2025-03-27 14:33:30.453422+00:00,2.7269153594970703,0.0007193088531494141,-0.54561
2025-03-27 14:33:30.464366+00:00,0.011001110076904297,0.9952946901321411,-3.533138
2025-03-27 14:33:31.527383+00:00,0.014558792114257812,0.0005245208740234375,-0.552398
2025-03-27 14:33:35.559295+00:00,0.09885978698730469,0.0017305612564086914,-0.556753
2025-03-27 14:33:35.577089+00:00,0.017232894897460938,0.046866416931152344,-0.69373
2025-03-27 14:33:36.540271+00:00,0.010325908660888672,0.0005980730056762695,-0.548444
2025-03-27 14:33:40.581476+00:00,0.015497684478759766,0.0015552043914794922,-0.555866
2025-03-27 14:33:40.595705+00:00,0.013417720794677734,0.0014047622680664062,-0.553826
2025-03-27 14:33:41.594923+00:00,0.05146503448486328,0.0007977485656738281,-0.590075
2025-03-27 14:33:45.593290+00:00,0.007703065872192383,0.0005401372909545898,-0.545861
2025-03-27 14:33:45.605500+00:00,0.006836652755737305,0.0005536079406738281,-0.544948
2025-03-27 14:33:46.613414+00:00,0.01424407958984375,0.0005164146423339844,-0.552286
2025-03-27 14:33:50.614473+00:00,0.01594090461730957,0.0015968084335327148,-0.556854
2025-03-27 14:33:50.623550+00:00,0.009211063385009766,0.0036411285400390625,-0.556656
2025-03-27 14:33:51.665820+00:00,0.04879045486450195,0.0011522769927978516,-0.588708
2025-03-27 14:33:55.627668+00:00,0.00908350944519043,0.000764012336730957,-0.547893
2025-03-27 14:33:55.635483+00:00,0.007481813430786133,0.0014618635177612305,-0.548446
2025-03-27 14:33:56.677451+00:00,0.008910179138183594,0.0005284547805786133,-0.547023
2025-03-27 14:34:00.640048+00:00,0.009368181228637695,0.0008219480514526367,-0.548295
2025-03-27 14:34:00.649865+00:00,0.009353876113891602,0.0017156600952148438,-0.55107
2025-03-27 14:34:01.716976+00:00,0.034662485122680664,0.0015295743942260742,-0.57582
2025-03-27 14:34:05.650693+00:00,0.007297039031982422,0.0005935430526733398,-0.545691
2025-03-27 14:34:05.660657+00:00,0.007559299468994141,0.0006538629531860352,-0.546188
2025-03-27 14:34:06.729843+00:00,0.010106563568115234,0.0006029605865478516,-0.548426
2025-03-27 14:34:10.662951+00:00,0.009232044219970703,0.0007767677307128906,-0.54829
2025-03-27 14:34:10.674919+00:00,0.011194229125976562,0.0006990432739257812,-0.549899
2025-03-27 14:34:11.741767+00:00,0.009371042251586914,0.0005209445953369141,-0.547786
2025-03-27 14:34:15.676067+00:00,0.009436368942260742,0.0008101463317871094,-0.548558
2025-03-27 14:34:15.686785+00:00,0.00825047492980957,0.0008455514907836914,-0.547575
2025-03-27 14:34:16.752748+00:00,0.008483409881591797,0.0005773305892944336,-0.547062
2025-03-27 14:34:20.696492+00:00,0.014878511428833008,0.0015566349029541016,-0.556182
2025-03-27 14:34:20.706065+00:00,0.009209871292114258,0.0042645931243896484,-0.558804
2025-03-27 14:34:21.768940+00:00,0.012430906295776367,0.0010786056518554688,-0.552547
2025-03-27 14:34:25.711331+00:00,0.011081218719482422,0.0008616447448730469,-0.550428
2025-03-27 14:34:25.722535+00:00,0.010699033737182617,0.002088785171508789,-0.553378
2025-03-27 14:34:26.779902+00:00,0.007939577102661133,0.0005418062210083008,-0.54647
2025-03-27 14:34:30.721423+00:00,0.0068852901458740234,0.0005311965942382812,-0.545158
2025-03-27 14:34:30.732028+00:00,0.00639033317565918,0.0005145072937011719,-0.545023
2025-03-27 14:34:31.797229+00:00,0.014798402786254883,0.0005453824996948242,-0.553346
2025-03-27 14:34:35.742240+00:00,0.016472339630126953,0.0013402700424194336,-0.557473
2025-03-27 14:34:35.748994+00:00,0.006381988525390625,0.0047664642333984375,-0.557773
2025-03-27 14:34:36.813605+00:00,0.012806415557861328,0.0009670257568359375,-0.552468
2025-03-27 14:34:40.756216+00:00,0.010270357131958008,0.0005366802215576172,-0.549032
2025-03-27 14:34:40.764282+00:00,0.00758671760559082,0.0025862455368041992,-0.552403
2025-03-27 14:34:41.840156+00:00,0.019231796264648438,0.0018877983093261719,-0.56097
2025-03-27 14:34:45.766210+00:00,0.007410287857055664,0.0006011724472045898,-0.546375
2025-03-27 14:34:45.779277+00:00,0.007419109344482422,0.0005939006805419922,-0.546273
2025-03-27 14:34:46.859239+00:00,0.014683961868286133,0.0005170106887817383,-0.553387
2025-03-27 14:34:50.780037+00:00,0.010230541229248047,0.0009582042694091797,-0.549915
2025-03-27 14:34:51.186416+00:00,0.40407800674438477,0.0007946491241455078,-0.549637
2025-03-27 14:34:51.881385+00:00,0.0173647403717041,0.0015848875045776367,-0.559331
2025-03-27 14:34:55.791242+00:00,0.0078008174896240234,0.000596165657043457,-0.546877
2025-03-27 14:34:56.196352+00:00,0.0073664188385009766,0.0005352497100830078,-0.546233
2025-03-27 14:34:56.892422+00:00,0.008365631103515625,0.0005297660827636719,-0.547173
2025-03-27 14:35:00.807732+00:00,0.011507272720336914,0.0014613866806030273,-0.553037
2025-03-27 14:35:01.227498+00:00,0.027057886123657227,0.0013054609298706055,-0.568356
2025-03-27 14:35:01.901523+00:00,0.006841421127319336,0.0005494356155395508,-0.545961
2025-03-27 14:35:05.818583+00:00,0.007543325424194336,0.0005838871002197266,-0.546602
2025-03-27 14:35:06.249190+00:00,0.015971660614013672,0.0015461444854736328,-0.557299
2025-03-27 14:35:06.911575+00:00,0.007785797119140625,0.0005762577056884766,-0.546802
2025-03-27 14:35:10.828595+00:00,0.007241487503051758,0.0005260705947875977,-0.5462
2025-03-27 14:35:11.264811+00:00,0.010867118835449219,0.000613093376159668,-0.550035
2025-03-27 14:35:11.920687+00:00,0.0069217681884765625,0.0005191564559936523,-0.54583
2025-03-27 14:35:15.839510+00:00,0.008676767349243164,0.0006073713302612305,-0.548081
2025-03-27 14:35:16.294047+00:00,0.025861263275146484,0.0009002685546875,-0.565827
2025-03-27 14:35:16.930619+00:00,0.007257223129272461,0.000538945198059082,-0.546296
2025-03-27 14:35:20.849215+00:00,0.007481575012207031,0.0005365610122680664,-0.546537
2025-03-27 14:35:21.312210+00:00,0.01358342170715332,0.001248002052307129,-0.554606
2025-03-27 14:35:21.939840+00:00,0.0066394805908203125,0.0005505084991455078,-0.545744
2025-03-27 14:35:25.864162+00:00,0.01137852668762207,0.0010715723037719727,-0.552008
2025-03-27 14:35:26.948106+00:00,0.6325881481170654,0.0007642507553100586,-0.551202
2025-03-27 14:35:26.955804+00:00,0.007232189178466797,0.0037734508514404297,-0.556104
2025-03-27 14:35:30.873830+00:00,0.0068171024322509766,0.0005521774291992188,-0.546156
2025-03-27 14:35:31.968145+00:00,0.01628422737121582,0.0006004571914672852,-0.555604
2025-03-27 14:35:31.976420+00:00,0.007582902908325195,0.0059261322021484375,-0.56262
2025-03-27 14:35:35.887467+00:00,0.010006189346313477,0.0009475946426391602,-0.550266
2025-03-27 14:35:36.979862+00:00,0.008014678955078125,0.0005133152008056641,-0.547306
2025-03-27 14:35:36.986785+00:00,0.0065877437591552734,0.0008800029754638672,-0.546986
2025-03-27 14:35:40.899216+00:00,0.008191585540771484,0.0006468296051025391,-0.547775
2025-03-27 14:35:41.991221+00:00,0.008909225463867188,0.000609278678894043,-0.548479
2025-03-27 14:35:41.999323+00:00,0.007643461227416992,0.001783132553100586,-0.550595
2025-03-27 14:35:45.920629+00:00,0.0166933536529541,0.0015562772750854492,-0.558884
2025-03-27 14:35:47.011069+00:00,0.01661086082458496,0.0009162425994873047,-0.557198
2025-03-27 14:35:47.018164+00:00,0.0065937042236328125,0.00540769100189209,-0.560627
2025-03-27 14:35:50.941560+00:00,0.015362739562988281,0.0016323328018188477,-0.557837
2025-03-27 14:35:52.022492+00:00,0.008764982223510742,0.0006570816040039062,-0.548512
2025-03-27 14:35:52.030472+00:00,0.007492780685424805,0.0017211437225341797,-0.550402
2025-03-27 14:35:55.964800+00:00,0.016905784606933594,0.0016863346099853516,-0.559119
2025-03-27 14:35:57.035953+00:00,0.010571479797363281,0.0006728172302246094,-0.550434
2025-03-27 14:35:57.045448+00:00,0.008964061737060547,0.0022125244140625,-0.553418
2025-03-27 14:36:00.980702+00:00,0.010320663452148438,0.0009273290634155273,-0.55073
2025-03-27 14:36:02.079069+00:00,0.03760385513305664,0.001581430435180664,-0.57987
2025-03-27 14:36:02.088398+00:00,0.009138822555541992,0.016052603721618652,-0.595289
2025-03-27 14:36:05.990189+00:00,0.006262779235839844,0.0005159378051757812,-0.546007
2025-03-27 14:36:07.092321+00:00,0.009464025497436523,0.0006618499755859375,-0.549562
2025-03-27 14:36:07.591947+00:00,0.4980814456939697,0.0018097162246704102,-1.04067
2025-03-27 14:36:11.004300+00:00,0.01052713394165039,0.001017451286315918,-0.55129
2025-03-27 14:36:12.111983+00:00,0.015073537826538086,0.0012421607971191406,-0.555974
2025-03-27 14:36:12.603916+00:00,0.006594419479370117,0.0006052255630493164,-0.546353
2025-03-27 14:36:16.021498+00:00,0.012139558792114258,0.0011944770812988281,-0.55336
2025-03-27 14:36:17.146842+00:00,0.029753684997558594,0.0010864734649658203,-0.570967
2025-03-27 14:36:17.616882+00:00,0.009439468383789062,0.0008178949356079102,-0.549779
2025-03-27 14:36:21.033844+00:00,0.008519649505615234,0.0006386041641235352,-0.54854
2025-03-27 14:36:22.159851+00:00,0.010080814361572266,0.0005916357040405273,-0.549993
2025-03-27 14:36:22.639501+00:00,0.017299652099609375,0.0015645027160644531,-0.559763
2025-03-27 14:36:26.055345+00:00,0.016187667846679688,0.0016311407089233398,-0.558792
2025-03-27 14:36:27.176199+00:00,0.012364625930786133,0.001038670539855957,-0.553478
2025-03-27 14:36:27.662323+00:00,0.015247106552124023,0.0016044378280639648,-0.557972
2025-03-27 14:36:31.065996+00:00,0.007261037826538086,0.0005202293395996094,-0.547078
2025-03-27 14:36:32.194828+00:00,0.014956951141357422,0.0006182193756103516,-0.555155
2025-03-27 14:36:32.675067+00:00,0.008829355239868164,0.0007715225219726562,-0.549304
2025-03-27 14:36:36.076987+00:00,0.008320093154907227,0.000687718391418457,-0.548636
2025-03-27 14:36:37.205718+00:00,0.008363723754882812,0.0005528926849365234,-0.548405
2025-03-27 14:36:37.690891+00:00,0.01148843765258789,0.0009206533432006836,-0.552488
2025-03-27 14:36:41.087181+00:00,0.007073879241943359,0.0005497932434082031,-0.54689
2025-03-27 14:36:42.220322+00:00,0.011580944061279297,0.0007838010787963867,-0.552146
2025-03-27 14:36:42.711748+00:00,0.01609349250793457,0.0015501976013183594,-0.558542
2025-03-27 14:36:46.097463+00:00,0.007832527160644531,0.0005658864974975586,-0.547525
2025-03-27 14:36:47.240114+00:00,0.01658034324645996,0.000592350959777832,-0.556664
2025-03-27 14:36:47.732588+00:00,0.015711545944213867,0.0016429424285888672,-0.558804
2025-03-27 14:36:51.117734+00:00,0.015397787094116211,0.0014938116073608398,-0.558144
2025-03-27 14:36:52.262099+00:00,0.016988754272460938,0.0015354156494140625,-0.559461
2025-03-27 14:36:52.743268+00:00,0.007435321807861328,0.0005426406860351562,-0.547537
2025-03-27 14:36:56.140110+00:00,0.016546249389648438,0.001672506332397461,-0.559669
2025-03-27 14:36:57.274090+00:00,0.008285045623779297,0.0004891157150268555,-0.548344
2025-03-27 14:36:57.754196+00:00,0.008061647415161133,0.0006214380264282227,-0.548416
2025-03-27 14:37:01.153643+00:00,0.00906229019165039,0.0007174015045166016,-0.549626
2025-03-27 14:37:02.296405+00:00,0.019295454025268555,0.0006721019744873047,-0.559888
2025-03-27 14:37:02.763250+00:00,0.006463766098022461,0.0005589723587036133,-0.546779
2025-03-27 14:37:06.166582+00:00,0.009362936019897461,0.0007697343826293945,-0.550137
2025-03-27 14:37:07.309460+00:00,0.009945869445800781,0.0007684230804443359,-0.550791
2025-03-27 14:37:07.783960+00:00,0.015547752380371094,0.001587986946105957,-0.558694
2025-03-27 14:37:11.179096+00:00,0.009163141250610352,0.0007429122924804688,-0.54974
2025-03-27 14:37:12.333486+00:00,0.018402099609375,0.0016775131225585938,-0.561609
2025-03-27 14:37:12.799395+00:00,0.010707616806030273,0.0013681650161743164,-0.553563
2025-03-27 14:37:16.202068+00:00,0.016504764556884766,0.0018138885498046875,-0.559825
2025-03-27 14:37:17.351465+00:00,0.0146484375,0.00057220458984375,-0.555142
2025-03-27 14:37:17.808446+00:00,0.006637096405029297,0.0005476474761962891,-0.546936
2025-03-27 14:37:21.213677+00:00,0.006979227066040039,0.000597834587097168,-0.547528
2025-03-27 14:37:22.367164+00:00,0.012323856353759766,0.0008511543273925781,-0.55341
2025-03-27 14:37:22.818627+00:00,0.00777125358581543,0.0006345510482788086,-0.54851
2025-03-27 14:37:26.222555+00:00,0.0063173770904541016,0.0005335807800292969,-0.546811
2025-03-27 14:37:27.383016+00:00,0.011650800704956055,0.0009351968765258789,-0.553169
2025-03-27 14:37:27.827705+00:00,0.006563425064086914,0.0005298852920532227,-0.546869
2025-03-27 14:37:31.234885+00:00,0.009528875350952148,0.0007473230361938477,-0.550785
2025-03-27 14:37:32.400679+00:00,0.01449441909790039,0.0005544424057006836,-0.555086
2025-03-27 14:37:32.836876+00:00,0.006936311721801758,0.0005481243133544922,-0.547442
2025-03-27 14:37:36.249616+00:00,0.010738611221313477,0.0014123916625976562,-0.553947
2025-03-27 14:37:37.423538+00:00,0.01747751235961914,0.0016571283340454102,-0.560992
2025-03-27 14:37:37.857514+00:00,0.015423297882080078,0.001657247543334961,-0.55901
2025-03-27 14:37:41.258887+00:00,0.0068738460540771484,0.000542759895324707,-0.547498
2025-03-27 14:37:42.439635+00:00,0.011173009872436523,0.0008668899536132812,-0.552875
2025-03-27 14:37:42.868636+00:00,0.007534027099609375,0.0005848407745361328,-0.548562
2025-03-27 14:37:46.276073+00:00,0.012720108032226562,0.0012073516845703125,-0.554706
2025-03-27 14:37:47.457086+00:00,0.015036344528198242,0.0004755258560180664,-0.555323
2025-03-27 14:37:47.924367+00:00,0.05127835273742676,0.001515030860900879,-0.594678
2025-03-27 14:37:51.292198+00:00,0.011023521423339844,0.0010974407196044922,-0.553323
2025-03-27 14:37:52.468114+00:00,0.008427858352661133,0.0005419254302978516,-0.549205
2025-03-27 14:37:52.937311+00:00,0.00861501693725586,0.0007581710815429688,-0.549864
2025-03-27 14:37:56.308938+00:00,0.012514591217041016,0.0011192560195922852,-0.554577
2025-03-27 14:37:57.480093+00:00,0.009558439254760742,0.0005011558532714844,-0.550151
2025-03-27 14:37:57.959120+00:00,0.01624011993408203,0.001622915267944336,-0.55953
2025-03-27 14:38:01.319265+00:00,0.0068607330322265625,0.0005667209625244141,-0.547728
2025-03-27 14:38:02.500282+00:00,0.01748180389404297,0.00067901611328125,-0.558692
2025-03-27 14:38:02.978763+00:00,0.01421356201171875,0.0016237497329711914,-0.558035
2025-03-27 14:38:06.330462+00:00,0.007992982864379883,0.0006898641586303711,-0.549248
2025-03-27 14:38:07.511231+00:00,0.00858449935913086,0.0005472898483276367,-0.549523
2025-03-27 14:38:08.000854+00:00,0.016789674758911133,0.0016227960586547852,-0.560563
2025-03-27 14:38:11.341515+00:00,0.008227348327636719,0.0005538463592529297,-0.549052
2025-03-27 14:38:12.523396+00:00,0.009299516677856445,0.0005443096160888672,-0.550254
2025-03-27 14:38:14.188347+00:00,1.1822855472564697,0.001011967658996582,-0.549419
2025-03-27 14:38:16.361084+00:00,0.014653682708740234,0.001503586769104004,-0.55824
2025-03-27 14:38:17.540289+00:00,0.014581441879272461,0.0005452632904052734,-0.555593
2025-03-27 14:38:19.203659+00:00,0.009714365005493164,0.0009253025054931641,-0.55179
2025-03-27 14:38:21.374558+00:00,0.007663726806640625,0.000518798828125,-0.548657
2025-03-27 14:38:22.551521+00:00,0.008666515350341797,0.0005047321319580078,-0.549704
2025-03-27 14:38:24.214533+00:00,0.007697343826293945,0.0005494356155395508,-0.548789
2025-03-27 14:38:26.391396+00:00,0.01257777214050293,0.0011658668518066406,-0.555042
2025-03-27 14:38:27.563427+00:00,0.009439706802368164,0.0004932880401611328,-0.550458
2025-03-27 14:38:29.224514+00:00,0.007349967956542969,0.000536799430847168,-0.548412
2025-03-27 14:38:31.401854+00:00,0.006746530532836914,0.0005065202713012695,-0.547777
2025-03-27 14:38:32.584728+00:00,0.018798351287841797,0.0005910396575927734,-0.56013
2025-03-27 14:38:34.233657+00:00,0.006655454635620117,0.0005047321319580078,-0.547688
2025-03-27 14:38:36.423806+00:00,0.018602371215820312,0.0006461143493652344,-0.560006
2025-03-27 14:38:37.596614+00:00,0.009220361709594727,0.0005909204483032227,-0.550634
2025-03-27 14:38:39.508337+00:00,0.2691340446472168,0.0017113685607910156,-0.556887
2025-03-27 14:38:41.446492+00:00,0.016759872436523438,0.0017063617706298828,-0.560743
2025-03-27 14:38:42.610181+00:00,0.010468244552612305,0.0007096529006958008,-0.552016
2025-03-27 14:38:44.519975+00:00,0.007313966751098633,0.0005853176116943359,-0.548708
2025-03-27 14:38:46.462693+00:00,0.010895252227783203,0.0009505748748779297,-0.553518
2025-03-27 14:38:47.657765+00:00,0.042488813400268555,0.0015556812286376953,-0.58681
2025-03-27 14:38:49.529809+00:00,0.007260799407958984,0.0006650686264038086,-0.54895
2025-03-27 14:38:51.526045+00:00,0.05922102928161621,0.0013757944107055664,-0.603091
2025-03-27 14:38:52.670180+00:00,0.00955963134765625,0.0006277561187744141,-0.551063
2025-03-27 14:38:54.538953+00:00,0.006911039352416992,0.0005266666412353516,-0.548215
2025-03-27 14:38:56.547483+00:00,0.015862703323364258,0.0017303228378295898,-0.56027
2025-03-27 14:38:57.685982+00:00,0.012125253677368164,0.0009082555770874023,-0.553932
2025-03-27 14:38:59.548282+00:00,0.006765842437744141,0.0005354881286621094,-0.548102
2025-03-27 14:39:01.558399+00:00,0.0073413848876953125,0.0006276369094848633,-0.548828
2025-03-27 14:39:02.705101+00:00,0.013987302780151367,0.001094818115234375,-0.556569
2025-03-27 14:39:04.558114+00:00,0.006835222244262695,0.0005270242691040039,-0.548271
2025-03-27 14:39:06.574397+00:00,0.011601924896240234,0.00122833251953125,-0.554501
2025-03-27 14:39:07.718410+00:00,0.009352445602416992,0.0006151199340820312,-0.550839
2025-03-27 14:39:09.567393+00:00,0.006814002990722656,0.0006058216094970703,-0.548566
2025-03-27 14:39:11.587449+00:00,0.008463382720947266,0.0006890296936035156,-0.550335
2025-03-27 14:39:12.738865+00:00,0.015845060348510742,0.0013682842254638672,-0.559571
2025-03-27 14:39:14.587830+00:00,0.015198230743408203,0.0016129016876220703,-0.559738
2025-03-27 14:39:16.597242+00:00,0.00689387321472168,0.0005267858505249023,-0.548468
2025-03-27 14:39:17.750195+00:00,0.00832676887512207,0.0005468130111694336,-0.550002
2025-03-27 14:39:19.610099+00:00,0.016565561294555664,0.001656651496887207,-0.561122
2025-03-27 14:39:21.613327+00:00,0.01347208023071289,0.0005538463592529297,-0.555213
2025-03-27 14:39:22.761377+00:00,0.008831977844238281,0.000532984733581543,-0.550505
2025-03-27 14:39:24.631038+00:00,0.01509237289428711,0.001516580581665039,-0.558857
2025-03-27 14:39:26.623454+00:00,0.007432460784912109,0.0005544424057006836,-0.549129
2025-03-27 14:39:27.773510+00:00,0.009277105331420898,0.0005646944046020508,-0.55105
2025-03-27 14:39:29.649646+00:00,0.012366056442260742,0.0012333393096923828,-0.555631
2025-03-27 14:39:31.635970+00:00,0.009346961975097656,0.0007202625274658203,-0.551466
2025-03-27 14:39:32.785683+00:00,0.009234428405761719,0.0006406307220458984,-0.5513
2025-03-27 14:39:34.659533+00:00,0.0063686370849609375,0.0005477666854858398,-0.548204
2025-03-27 14:39:36.672784+00:00,0.03169846534729004,0.0015091896057128906,-0.576308
2025-03-27 14:39:37.796386+00:00,0.008012056350708008,0.0005095005035400391,-0.549848
2025-03-27 14:39:39.670781+00:00,0.008791923522949219,0.000615239143371582,-0.550843
2025-03-27 14:39:41.682739+00:00,0.00717926025390625,0.0006309747695922852,-0.54932
2025-03-27 14:39:42.806812+00:00,0.007858037948608398,0.0005077123641967773,-0.549548
2025-03-27 14:39:44.691228+00:00,0.015575170516967773,0.0015848875045776367,-0.560345
2025-03-27 14:39:46.691675+00:00,0.00658416748046875,0.0005422830581665039,-0.548514
2025-03-27 14:39:47.831372+00:00,0.01890277862548828,0.0017521381378173828,-0.563656
2025-03-27 14:39:49.702084+00:00,0.007795810699462891,0.0005528926849365234,-0.549686
2025-03-27 14:39:51.734107+00:00,0.03778958320617676,0.0015511512756347656,-0.582765
2025-03-27 14:39:52.858346+00:00,0.019230127334594727,0.0017472505569458008,-0.564015
2025-03-27 14:39:54.711974+00:00,0.007190227508544922,0.0005934238433837891,-0.549255
2025-03-27 14:39:56.753272+00:00,0.013714790344238281,0.0016262531280517578,-0.558765
2025-03-27 14:39:57.876948+00:00,0.012446880340576172,0.0015391111373901367,-0.557393
2025-03-27 14:39:59.722148+00:00,0.007870912551879883,0.0005499124526977539,-0.549884
2025-03-27 14:40:01.769405+00:00,0.011718034744262695,0.0012019872665405273,-0.555584
2025-03-27 14:40:02.895442+00:00,0.013962268829345703,0.0013962984085083008,-0.558515
2025-03-27 14:40:04.741833+00:00,0.014777898788452148,0.0015174150466918945,-0.559488
2025-03-27 14:40:06.787105+00:00,0.014574766159057617,0.0005494356155395508,-0.556678
2025-03-27 14:40:07.912160+00:00,0.011495590209960938,0.0013920068740844727,-0.556186
2025-03-27 14:40:09.755372+00:00,0.009337663650512695,0.0009185075759887695,-0.55261
2025-03-27 14:40:11.796090+00:00,0.006413459777832031,0.0005323886871337891,-0.548595
2025-03-27 14:40:15.556665+00:00,2.6416513919830322,0.0006328821182250977,-0.55039
2025-03-27 14:40:15.564252+00:00,0.007084846496582031,0.39984023571014404,-1.74717
2025-03-27 14:40:18.944292+00:00,2.145683765411377,0.0005294084548950195,-2.687784
2025-03-27 14:40:20.571019+00:00,0.011457204818725586,0.000807642936706543,-0.554189
2025-03-27 14:40:20.581863+00:00,0.01016378402709961,0.002805471420288086,-0.559067
2025-03-27 14:40:23.960347+00:00,0.013889312744140625,0.0004965066909790039,-0.555973
2025-03-27 14:40:25.582462+00:00,0.008614540100097656,0.0005154609680175781,-0.550763
2025-03-27 14:40:25.591277+00:00,0.006623983383178711,0.000513911247253418,-0.548858
2025-03-27 14:40:28.970404+00:00,0.007325887680053711,0.0005766153335571289,-0.549715
2025-03-27 14:40:30.601164+00:00,0.013997554779052734,0.0014920234680175781,-0.5593
2025-03-27 14:40:30.608402+00:00,0.006894111633300781,0.004372954368591309,-0.560889
2025-03-27 14:40:33.997172+00:00,0.024219274520874023,0.00051116943359375,-0.548855
2025-03-27 14:40:35.612463+00:00,0.00884246826171875,0.0005201101303100586,-0.551217
2025-03-27 14:40:35.619439+00:00,0.006649494171142578,0.0016530752182006836,-0.552407
2025-03-27 14:40:39.012505+00:00,0.013156414031982422,0.0005366802215576172,-0.555567
2025-03-27 14:40:40.636277+00:00,0.01842498779296875,0.0016636848449707031,-0.563912
2025-03-27 14:40:40.646647+00:00,0.010205268859863281,0.007759571075439453,-0.574306
2025-03-27 14:40:44.021609+00:00,0.0067291259765625,0.0005708932876586914,-0.5494
2025-03-27 14:40:45.654661+00:00,0.013895273208618164,0.0010548830032348633,-0.558003
2025-03-27 14:40:45.691913+00:00,0.03663444519042969,0.0035104751586914062,-0.587845
2025-03-27 14:40:49.032666+00:00,0.008460044860839844,0.0005840063095092773,-0.551104
2025-03-27 14:40:50.672694+00:00,0.013932228088378906,0.0011078119277954102,-0.557809
2025-03-27 14:40:50.705619+00:00,0.009850263595581055,0.0009644031524658203,-0.553881
2025-03-27 14:40:54.054072+00:00,0.018386125564575195,0.0007023811340332031,-0.561383
2025-03-27 14:40:55.692700+00:00,0.014524221420288086,0.0010472536087036133,-0.558247
2025-03-27 14:40:55.714749+00:00,0.0066416263580322266,0.0005244016647338867,-0.54923
2025-03-27 14:40:59.087814+00:00,0.031098604202270508,0.0005210638046264648,-0.558045
2025-03-27 14:41:00.740813+00:00,0.040499210357666016,0.0017745494842529297,-0.57006
2025-03-27 14:41:00.776140+00:00,0.03558182716369629,0.012151122093200684,-0.597476
2025-03-27 14:41:04.123007+00:00,0.031958818435668945,0.0008900165557861328,-0.5601
2025-03-27 14:41:05.777128+00:00,0.031220674514770508,0.0005487203598022461,-0.558313
2025-03-27 14:41:05.807327+00:00,0.02895498275756836,0.0005185604095458984,-0.555728
2025-03-27 14:41:09.174060+00:00,0.04759526252746582,0.0009397268295288086,-0.575905
2025-03-27 14:41:10.820427+00:00,0.03890347480773926,0.001415848731994629,-0.568528
2025-03-27 14:41:10.850311+00:00,0.029424190521240234,0.006087303161621094,-0.573126
2025-03-27 14:41:14.206249+00:00,0.02929854393005371,0.0005636215209960938,-0.5566
2025-03-27 14:41:15.856535+00:00,0.03329110145568848,0.0006492137908935547,-0.560643
2025-03-27 14:41:15.887646+00:00,0.030722618103027344,0.0027518272399902344,-0.564484
2025-03-27 14:41:19.243161+00:00,0.03294730186462402,0.0011016130447387695,-0.561392
2025-03-27 14:41:20.890762+00:00,0.03141140937805176,0.0005762577056884766,-0.55866
2025-03-27 14:41:20.920591+00:00,0.029814958572387695,0.0010223388671875,-0.558596
2025-03-27 14:41:24.282500+00:00,0.03574490547180176,0.0005224943161010742,-0.56299
2025-03-27 14:41:25.925410+00:00,0.03169703483581543,0.0005956888198852539,-0.559136
2025-03-27 14:41:25.954450+00:00,0.028661727905273438,0.001817941665649414,-0.55973
2025-03-27 14:41:29.322566+00:00,0.03553462028503418,0.0015146732330322266,-0.56565
2025-03-27 14:41:30.959201+00:00,0.031143903732299805,0.0006082057952880859,-0.558779
2025-03-27 14:41:34.201975+00:00,3.2419536113739014,0.0018650293350219727,-3.773092
2025-03-27 14:41:34.367135+00:00,0.03876447677612305,0.001725912094116211,-0.56888
2025-03-27 14:41:35.998515+00:00,0.03562021255493164,0.0012729167938232422,-0.565179
2025-03-27 14:41:39.241627+00:00,0.03533458709716797,0.0005066394805908203,-0.562659
2025-03-27 14:41:39.400494+00:00,0.028618574142456055,0.0005391836166381836,-0.556046
2025-03-27 14:41:41.036145+00:00,0.03439521789550781,0.0008728504180908203,-0.562554
2025-03-27 14:41:44.282178+00:00,0.03583383560180664,0.0015445947647094727,-0.56603
2025-03-27 14:41:44.435537+00:00,0.03162550926208496,0.0008664131164550781,-0.559622
2025-03-27 14:41:46.080544+00:00,0.039322614669799805,0.0014603137969970703,-0.569645
2025-03-27 14:41:49.322311+00:00,0.03481769561767578,0.001541733741760254,-0.565299
2025-03-27 14:41:49.470184+00:00,0.031165122985839844,0.0006515979766845703,-0.559008
2025-03-27 14:41:51.120171+00:00,0.036286354064941406,0.0009493827819824219,-0.56455
2025-03-27 14:41:54.360125+00:00,0.03522992134094238,0.0005704164505004883,-0.56281
2025-03-27 14:41:54.501814+00:00,0.029320478439331055,0.0005625486373901367,-0.556928
2025-03-27 14:41:56.167533+00:00,0.04138922691345215,0.00159454345703125,-0.571808
2025-03-27 14:41:59.392007+00:00,0.02913069725036621,0.0005644559860229492,-0.55671
2025-03-27 14:41:59.532791+00:00,0.028670310974121094,0.0005786418914794922,-0.556433
2025-03-27 14:42:01.202132+00:00,0.031766653060913086,0.0005301237106323242,-0.559223
2025-03-27 14:42:09.417106+00:00,5.020087242126465,0.0012303590774536133,-5.02298
2025-03-27 14:42:09.456633+00:00,0.039925575256347656,2.4412134885787964,-7.889453
2025-03-27 14:42:09.486175+00:00,0.029093265533447266,1.626739740371704,-5.435328
2025-03-27 14:42:14.460569+00:00,0.03748655319213867,0.00148773193359375,-0.56797
2025-03-27 14:42:14.491290+00:00,0.030180692672729492,0.0014214515686035156,-0.560582
2025-03-27 14:42:14.522496+00:00,0.03077101707458496,0.0019004344940185547,-0.562498
2025-03-27 14:42:19.501030+00:00,0.03618502616882324,0.0011990070343017578,-0.565556
2025-03-27 14:42:19.535583+00:00,0.03391313552856445,0.004383444786071777,-0.572973
2025-03-27 14:42:19.568721+00:00,0.032486677169799805,0.005965828895568848,-0.576264
2025-03-27 14:42:24.535386+00:00,0.030950069427490234,0.0005202293395996094,-0.558683
2025-03-27 14:42:24.567356+00:00,0.028506755828857422,0.0005314350128173828,-0.556267
2025-03-27 14:42:24.600332+00:00,0.028390884399414062,0.0005148649215698242,-0.556114
2025-03-27 14:42:29.577926+00:00,0.037487030029296875,0.001557469367980957,-0.568517
2025-03-27 14:42:29.607795+00:00,0.02945232391357422,0.0047533512115478516,-0.570036
2025-03-27 14:42:29.637859+00:00,0.029673337936401367,0.0031393766403198242,-0.565397
2025-03-27 14:42:34.610322+00:00,0.02995610237121582,0.0005105733871459961,-0.557955
2025-03-27 14:42:34.639505+00:00,0.02873063087463379,0.0008265972137451172,-0.557553
2025-03-27 14:42:34.669491+00:00,0.02933526039123535,0.0005333423614501953,-0.557329
2025-03-27 14:42:39.653024+00:00,0.04018688201904297,0.0005792379379272461,-0.568341
2025-03-27 14:42:39.682591+00:00,0.02918410301208496,0.00601649284362793,-0.573731
2025-03-27 14:42:39.712320+00:00,0.02936100959777832,0.006114363670349121,-0.574026
2025-03-27 14:42:44.692293+00:00,0.03529238700866699,0.0010178089141845703,-0.564516
2025-03-27 14:42:44.724607+00:00,0.0320587158203125,0.004202604293823242,-0.571098
2025-03-27 14:42:44.754231+00:00,0.029186010360717773,0.005604743957519531,-0.572368
2025-03-27 14:42:49.739194+00:00,0.040685176849365234,0.0015730857849121094,-0.570221
2025-03-27 14:42:49.775093+00:00,0.035607337951660156,0.006455421447753906,-0.581161
2025-03-27 14:42:49.808396+00:00,0.03268933296203613,0.00972282886505127,-0.588034
2025-03-27 14:42:54.807552+00:00,0.02985692024230957,0.0004826784133911133,-0.558145
2025-03-27 14:42:55.110760+00:00,0.2992281913757324,0.0004756450653076172,-0.827378
